{
  "Version": 1,
  "Hash": "TbxAlGS1Aidam/3L/DeKTjcK5eW4pAeg56ZOqGC4GWc=",
  "Source": "SupportUtilV3",
  "BasePath": "_content/SupportUtilV3",
  "Mode": "Default",
  "ManifestType": "Build",
  "ReferencedProjectsConfiguration": [],
  "DiscoveryPatterns": [
    {
      "Name": "SupportUtilV3\\wwwroot",
      "Source": "SupportUtilV3",
      "ContentRoot": "C:\\source_codes\\SupportUtilV3\\wwwroot\\",
      "BasePath": "_content/SupportUtilV3",
      "Pattern": "**"
    }
  ],
  "Assets": [
    {
      "Identity": "C:\\source_codes\\SupportUtilV3\\obj\\Debug\\net8.0\\scopedcss\\bundle\\SupportUtilV3.styles.css",
      "SourceId": "SupportUtilV3",
      "SourceType": "Computed",
      "ContentRoot": "C:\\source_codes\\SupportUtilV3\\obj\\Debug\\net8.0\\scopedcss\\bundle\\",
      "BasePath": "_content/SupportUtilV3",
      "RelativePath": "SupportUtilV3.styles.css",
      "AssetKind": "All",
      "AssetMode": "CurrentProject",
      "AssetRole": "Primary",
      "AssetMergeBehavior": "",
      "AssetMergeSource": "",
      "RelatedAsset": "",
      "AssetTraitName": "ScopedCss",
      "AssetTraitValue": "ApplicationBundle",
      "CopyToOutputDirectory": "Never",
      "CopyToPublishDirectory": "PreserveNewest",
      "OriginalItemSpec": "C:\\source_codes\\SupportUtilV3\\obj\\Debug\\net8.0\\scopedcss\\bundle\\SupportUtilV3.styles.css"
    },
    {
      "Identity": "C:\\source_codes\\SupportUtilV3\\obj\\Debug\\net8.0\\scopedcss\\projectbundle\\SupportUtilV3.bundle.scp.css",
      "SourceId": "SupportUtilV3",
      "SourceType": "Computed",
      "ContentRoot": "C:\\source_codes\\SupportUtilV3\\obj\\Debug\\net8.0\\scopedcss\\projectbundle\\",
      "BasePath": "_content/SupportUtilV3",
      "RelativePath": "SupportUtilV3.bundle.scp.css",
      "AssetKind": "All",
      "AssetMode": "Reference",
      "AssetRole": "Primary",
      "AssetMergeBehavior": "",
      "AssetMergeSource": "",
      "RelatedAsset": "",
      "AssetTraitName": "ScopedCss",
      "AssetTraitValue": "ProjectBundle",
      "CopyToOutputDirectory": "Never",
      "CopyToPublishDirectory": "PreserveNewest",
      "OriginalItemSpec": "C:\\source_codes\\SupportUtilV3\\obj\\Debug\\net8.0\\scopedcss\\projectbundle\\SupportUtilV3.bundle.scp.css"
    },
    {
      "Identity": "C:\\source_codes\\SupportUtilV3\\wwwroot\\CheckMissingMPlayer.html",
      "SourceId": "SupportUtilV3",
      "SourceType": "Discovered",
      "ContentRoot": "C:\\source_codes\\SupportUtilV3\\wwwroot\\",
      "BasePath": "_content/SupportUtilV3",
      "RelativePath": "CheckMissingMPlayer.html",
      "AssetKind": "All",
      "AssetMode": "All",
      "AssetRole": "Primary",
      "AssetMergeBehavior": "PreferTarget",
      "AssetMergeSource": "",
      "RelatedAsset": "",
      "AssetTraitName": "",
      "AssetTraitValue": "",
      "CopyToOutputDirectory": "Never",
      "CopyToPublishDirectory": "PreserveNewest",
      "OriginalItemSpec": "wwwroot\\CheckMissingMPlayer.html"
    },
    {
      "Identity": "C:\\source_codes\\SupportUtilV3\\wwwroot\\clock.gif",
      "SourceId": "SupportUtilV3",
      "SourceType": "Discovered",
      "ContentRoot": "C:\\source_codes\\SupportUtilV3\\wwwroot\\",
      "BasePath": "_content/SupportUtilV3",
      "RelativePath": "clock.gif",
      "AssetKind": "All",
      "AssetMode": "All",
      "AssetRole": "Primary",
      "AssetMergeBehavior": "PreferTarget",
      "AssetMergeSource": "",
      "RelatedAsset": "",
      "AssetTraitName": "",
      "AssetTraitValue": "",
      "CopyToOutputDirectory": "Never",
      "CopyToPublishDirectory": "PreserveNewest",
      "OriginalItemSpec": "wwwroot\\clock.gif"
    },
    {
      "Identity": "C:\\source_codes\\SupportUtilV3\\wwwroot\\CreateNewAgent.html",
      "SourceId": "SupportUtilV3",
      "SourceType": "Discovered",
      "ContentRoot": "C:\\source_codes\\SupportUtilV3\\wwwroot\\",
      "BasePath": "_content/SupportUtilV3",
      "RelativePath": "CreateNewAgent.html",
      "AssetKind": "All",
      "AssetMode": "All",
      "AssetRole": "Primary",
      "AssetMergeBehavior": "PreferTarget",
      "AssetMergeSource": "",
      "RelatedAsset": "",
      "AssetTraitName": "",
      "AssetTraitValue": "",
      "CopyToOutputDirectory": "Never",
      "CopyToPublishDirectory": "PreserveNewest",
      "OriginalItemSpec": "wwwroot\\CreateNewAgent.html"
    },
    {
      "Identity": "C:\\source_codes\\SupportUtilV3\\wwwroot\\css\\site.css",
      "SourceId": "SupportUtilV3",
      "SourceType": "Discovered",
      "ContentRoot": "C:\\source_codes\\SupportUtilV3\\wwwroot\\",
      "BasePath": "_content/SupportUtilV3",
      "RelativePath": "css/site.css",
      "AssetKind": "All",
      "AssetMode": "All",
      "AssetRole": "Primary",
      "AssetMergeBehavior": "PreferTarget",
      "AssetMergeSource": "",
      "RelatedAsset": "",
      "AssetTraitName": "",
      "AssetTraitValue": "",
      "CopyToOutputDirectory": "Never",
      "CopyToPublishDirectory": "PreserveNewest",
      "OriginalItemSpec": "wwwroot\\css\\site.css"
    },
    {
      "Identity": "C:\\source_codes\\SupportUtilV3\\wwwroot\\DupRecRemoval.html",
      "SourceId": "SupportUtilV3",
      "SourceType": "Discovered",
      "ContentRoot": "C:\\source_codes\\SupportUtilV3\\wwwroot\\",
      "BasePath": "_content/SupportUtilV3",
      "RelativePath": "DupRecRemoval.html",
      "AssetKind": "All",
      "AssetMode": "All",
      "AssetRole": "Primary",
      "AssetMergeBehavior": "PreferTarget",
      "AssetMergeSource": "",
      "RelatedAsset": "",
      "AssetTraitName": "",
      "AssetTraitValue": "",
      "CopyToOutputDirectory": "Never",
      "CopyToPublishDirectory": "PreserveNewest",
      "OriginalItemSpec": "wwwroot\\DupRecRemoval.html"
    },
    {
      "Identity": "C:\\source_codes\\SupportUtilV3\\wwwroot\\favicon.ico",
      "SourceId": "SupportUtilV3",
      "SourceType": "Discovered",
      "ContentRoot": "C:\\source_codes\\SupportUtilV3\\wwwroot\\",
      "BasePath": "_content/SupportUtilV3",
      "RelativePath": "favicon.ico",
      "AssetKind": "All",
      "AssetMode": "All",
      "AssetRole": "Primary",
      "AssetMergeBehavior": "PreferTarget",
      "AssetMergeSource": "",
      "RelatedAsset": "",
      "AssetTraitName": "",
      "AssetTraitValue": "",
      "CopyToOutputDirectory": "Never",
      "CopyToPublishDirectory": "PreserveNewest",
      "OriginalItemSpec": "wwwroot\\favicon.ico"
    },
    {
      "Identity": "C:\\source_codes\\SupportUtilV3\\wwwroot\\js\\site.js",
      "SourceId": "SupportUtilV3",
      "SourceType": "Discovered",
      "ContentRoot": "C:\\source_codes\\SupportUtilV3\\wwwroot\\",
      "BasePath": "_content/SupportUtilV3",
      "RelativePath": "js/site.js",
      "AssetKind": "All",
      "AssetMode": "All",
      "AssetRole": "Primary",
      "AssetMergeBehavior": "PreferTarget",
      "AssetMergeSource": "",
      "RelatedAsset": "",
      "AssetTraitName": "",
      "AssetTraitValue": "",
      "CopyToOutputDirectory": "Never",
      "CopyToPublishDirectory": "PreserveNewest",
      "OriginalItemSpec": "wwwroot\\js\\site.js"
    },
    {
      "Identity": "C:\\source_codes\\SupportUtilV3\\wwwroot\\lib\\bootstrap\\dist\\css\\bootstrap.css",
      "SourceId": "SupportUtilV3",
      "SourceType": "Discovered",
      "ContentRoot": "C:\\source_codes\\SupportUtilV3\\wwwroot\\",
      "BasePath": "_content/SupportUtilV3",
      "RelativePath": "lib/bootstrap/dist/css/bootstrap.css",
      "AssetKind": "All",
      "AssetMode": "All",
      "AssetRole": "Primary",
      "AssetMergeBehavior": "PreferTarget",
      "AssetMergeSource": "",
      "RelatedAsset": "",
      "AssetTraitName": "",
      "AssetTraitValue": "",
      "CopyToOutputDirectory": "Never",
      "CopyToPublishDirectory": "PreserveNewest",
      "OriginalItemSpec": "wwwroot\\lib\\bootstrap\\dist\\css\\bootstrap.css"
    },
    {
      "Identity": "C:\\source_codes\\SupportUtilV3\\wwwroot\\lib\\bootstrap\\dist\\css\\bootstrap.css.map",
      "SourceId": "SupportUtilV3",
      "SourceType": "Discovered",
      "ContentRoot": "C:\\source_codes\\SupportUtilV3\\wwwroot\\",
      "BasePath": "_content/SupportUtilV3",
      "RelativePath": "lib/bootstrap/dist/css/bootstrap.css.map",
      "AssetKind": "All",
      "AssetMode": "All",
      "AssetRole": "Primary",
      "AssetMergeBehavior": "PreferTarget",
      "AssetMergeSource": "",
      "RelatedAsset": "",
      "AssetTraitName": "",
      "AssetTraitValue": "",
      "CopyToOutputDirectory": "Never",
      "CopyToPublishDirectory": "PreserveNewest",
      "OriginalItemSpec": "wwwroot\\lib\\bootstrap\\dist\\css\\bootstrap.css.map"
    },
    {
      "Identity": "C:\\source_codes\\SupportUtilV3\\wwwroot\\lib\\bootstrap\\dist\\css\\bootstrap.min.css",
      "SourceId": "SupportUtilV3",
      "SourceType": "Discovered",
      "ContentRoot": "C:\\source_codes\\SupportUtilV3\\wwwroot\\",
      "BasePath": "_content/SupportUtilV3",
      "RelativePath": "lib/bootstrap/dist/css/bootstrap.min.css",
      "AssetKind": "All",
      "AssetMode": "All",
      "AssetRole": "Primary",
      "AssetMergeBehavior": "PreferTarget",
      "AssetMergeSource": "",
      "RelatedAsset": "",
      "AssetTraitName": "",
      "AssetTraitValue": "",
      "CopyToOutputDirectory": "Never",
      "CopyToPublishDirectory": "PreserveNewest",
      "OriginalItemSpec": "wwwroot\\lib\\bootstrap\\dist\\css\\bootstrap.min.css"
    },
    {
      "Identity": "C:\\source_codes\\SupportUtilV3\\wwwroot\\lib\\bootstrap\\dist\\css\\bootstrap.min.css.map",
      "SourceId": "SupportUtilV3",
      "SourceType": "Discovered",
      "ContentRoot": "C:\\source_codes\\SupportUtilV3\\wwwroot\\",
      "BasePath": "_content/SupportUtilV3",
      "RelativePath": "lib/bootstrap/dist/css/bootstrap.min.css.map",
      "AssetKind": "All",
      "AssetMode": "All",
      "AssetRole": "Primary",
      "AssetMergeBehavior": "PreferTarget",
      "AssetMergeSource": "",
      "RelatedAsset": "",
      "AssetTraitName": "",
      "AssetTraitValue": "",
      "CopyToOutputDirectory": "Never",
      "CopyToPublishDirectory": "PreserveNewest",
      "OriginalItemSpec": "wwwroot\\lib\\bootstrap\\dist\\css\\bootstrap.min.css.map"
    },
    {
      "Identity": "C:\\source_codes\\SupportUtilV3\\wwwroot\\lib\\bootstrap\\dist\\css\\bootstrap.rtl.css",
      "SourceId": "SupportUtilV3",
      "SourceType": "Discovered",
      "ContentRoot": "C:\\source_codes\\SupportUtilV3\\wwwroot\\",
      "BasePath": "_content/SupportUtilV3",
      "RelativePath": "lib/bootstrap/dist/css/bootstrap.rtl.css",
      "AssetKind": "All",
      "AssetMode": "All",
      "AssetRole": "Primary",
      "AssetMergeBehavior": "PreferTarget",
      "AssetMergeSource": "",
      "RelatedAsset": "",
      "AssetTraitName": "",
      "AssetTraitValue": "",
      "CopyToOutputDirectory": "Never",
      "CopyToPublishDirectory": "PreserveNewest",
      "OriginalItemSpec": "wwwroot\\lib\\bootstrap\\dist\\css\\bootstrap.rtl.css"
    },
    {
      "Identity": "C:\\source_codes\\SupportUtilV3\\wwwroot\\lib\\bootstrap\\dist\\css\\bootstrap.rtl.css.map",
      "SourceId": "SupportUtilV3",
      "SourceType": "Discovered",
      "ContentRoot": "C:\\source_codes\\SupportUtilV3\\wwwroot\\",
      "BasePath": "_content/SupportUtilV3",
      "RelativePath": "lib/bootstrap/dist/css/bootstrap.rtl.css.map",
      "AssetKind": "All",
      "AssetMode": "All",
      "AssetRole": "Primary",
      "AssetMergeBehavior": "PreferTarget",
      "AssetMergeSource": "",
      "RelatedAsset": "",
      "AssetTraitName": "",
      "AssetTraitValue": "",
      "CopyToOutputDirectory": "Never",
      "CopyToPublishDirectory": "PreserveNewest",
      "OriginalItemSpec": "wwwroot\\lib\\bootstrap\\dist\\css\\bootstrap.rtl.css.map"
    },
    {
      "Identity": "C:\\source_codes\\SupportUtilV3\\wwwroot\\lib\\bootstrap\\dist\\css\\bootstrap.rtl.min.css",
      "SourceId": "SupportUtilV3",
      "SourceType": "Discovered",
      "ContentRoot": "C:\\source_codes\\SupportUtilV3\\wwwroot\\",
      "BasePath": "_content/SupportUtilV3",
      "RelativePath": "lib/bootstrap/dist/css/bootstrap.rtl.min.css",
      "AssetKind": "All",
      "AssetMode": "All",
      "AssetRole": "Primary",
      "AssetMergeBehavior": "PreferTarget",
      "AssetMergeSource": "",
      "RelatedAsset": "",
      "AssetTraitName": "",
      "AssetTraitValue": "",
      "CopyToOutputDirectory": "Never",
      "CopyToPublishDirectory": "PreserveNewest",
      "OriginalItemSpec": "wwwroot\\lib\\bootstrap\\dist\\css\\bootstrap.rtl.min.css"
    },
    {
      "Identity": "C:\\source_codes\\SupportUtilV3\\wwwroot\\lib\\bootstrap\\dist\\css\\bootstrap.rtl.min.css.map",
      "SourceId": "SupportUtilV3",
      "SourceType": "Discovered",
      "ContentRoot": "C:\\source_codes\\SupportUtilV3\\wwwroot\\",
      "BasePath": "_content/SupportUtilV3",
      "RelativePath": "lib/bootstrap/dist/css/bootstrap.rtl.min.css.map",
      "AssetKind": "All",
      "AssetMode": "All",
      "AssetRole": "Primary",
      "AssetMergeBehavior": "PreferTarget",
      "AssetMergeSource": "",
      "RelatedAsset": "",
      "AssetTraitName": "",
      "AssetTraitValue": "",
      "CopyToOutputDirectory": "Never",
      "CopyToPublishDirectory": "PreserveNewest",
      "OriginalItemSpec": "wwwroot\\lib\\bootstrap\\dist\\css\\bootstrap.rtl.min.css.map"
    },
    {
      "Identity": "C:\\source_codes\\SupportUtilV3\\wwwroot\\lib\\bootstrap\\dist\\css\\bootstrap-grid.css",
      "SourceId": "SupportUtilV3",
      "SourceType": "Discovered",
      "ContentRoot": "C:\\source_codes\\SupportUtilV3\\wwwroot\\",
      "BasePath": "_content/SupportUtilV3",
      "RelativePath": "lib/bootstrap/dist/css/bootstrap-grid.css",
      "AssetKind": "All",
      "AssetMode": "All",
      "AssetRole": "Primary",
      "AssetMergeBehavior": "PreferTarget",
      "AssetMergeSource": "",
      "RelatedAsset": "",
      "AssetTraitName": "",
      "AssetTraitValue": "",
      "CopyToOutputDirectory": "Never",
      "CopyToPublishDirectory": "PreserveNewest",
      "OriginalItemSpec": "wwwroot\\lib\\bootstrap\\dist\\css\\bootstrap-grid.css"
    },
    {
      "Identity": "C:\\source_codes\\SupportUtilV3\\wwwroot\\lib\\bootstrap\\dist\\css\\bootstrap-grid.css.map",
      "SourceId": "SupportUtilV3",
      "SourceType": "Discovered",
      "ContentRoot": "C:\\source_codes\\SupportUtilV3\\wwwroot\\",
      "BasePath": "_content/SupportUtilV3",
      "RelativePath": "lib/bootstrap/dist/css/bootstrap-grid.css.map",
      "AssetKind": "All",
      "AssetMode": "All",
      "AssetRole": "Primary",
      "AssetMergeBehavior": "PreferTarget",
      "AssetMergeSource": "",
      "RelatedAsset": "",
      "AssetTraitName": "",
      "AssetTraitValue": "",
      "CopyToOutputDirectory": "Never",
      "CopyToPublishDirectory": "PreserveNewest",
      "OriginalItemSpec": "wwwroot\\lib\\bootstrap\\dist\\css\\bootstrap-grid.css.map"
    },
    {
      "Identity": "C:\\source_codes\\SupportUtilV3\\wwwroot\\lib\\bootstrap\\dist\\css\\bootstrap-grid.min.css",
      "SourceId": "SupportUtilV3",
      "SourceType": "Discovered",
      "ContentRoot": "C:\\source_codes\\SupportUtilV3\\wwwroot\\",
      "BasePath": "_content/SupportUtilV3",
      "RelativePath": "lib/bootstrap/dist/css/bootstrap-grid.min.css",
      "AssetKind": "All",
      "AssetMode": "All",
      "AssetRole": "Primary",
      "AssetMergeBehavior": "PreferTarget",
      "AssetMergeSource": "",
      "RelatedAsset": "",
      "AssetTraitName": "",
      "AssetTraitValue": "",
      "CopyToOutputDirectory": "Never",
      "CopyToPublishDirectory": "PreserveNewest",
      "OriginalItemSpec": "wwwroot\\lib\\bootstrap\\dist\\css\\bootstrap-grid.min.css"
    },
    {
      "Identity": "C:\\source_codes\\SupportUtilV3\\wwwroot\\lib\\bootstrap\\dist\\css\\bootstrap-grid.min.css.map",
      "SourceId": "SupportUtilV3",
      "SourceType": "Discovered",
      "ContentRoot": "C:\\source_codes\\SupportUtilV3\\wwwroot\\",
      "BasePath": "_content/SupportUtilV3",
      "RelativePath": "lib/bootstrap/dist/css/bootstrap-grid.min.css.map",
      "AssetKind": "All",
      "AssetMode": "All",
      "AssetRole": "Primary",
      "AssetMergeBehavior": "PreferTarget",
      "AssetMergeSource": "",
      "RelatedAsset": "",
      "AssetTraitName": "",
      "AssetTraitValue": "",
      "CopyToOutputDirectory": "Never",
      "CopyToPublishDirectory": "PreserveNewest",
      "OriginalItemSpec": "wwwroot\\lib\\bootstrap\\dist\\css\\bootstrap-grid.min.css.map"
    },
    {
      "Identity": "C:\\source_codes\\SupportUtilV3\\wwwroot\\lib\\bootstrap\\dist\\css\\bootstrap-grid.rtl.css",
      "SourceId": "SupportUtilV3",
      "SourceType": "Discovered",
      "ContentRoot": "C:\\source_codes\\SupportUtilV3\\wwwroot\\",
      "BasePath": "_content/SupportUtilV3",
      "RelativePath": "lib/bootstrap/dist/css/bootstrap-grid.rtl.css",
      "AssetKind": "All",
      "AssetMode": "All",
      "AssetRole": "Primary",
      "AssetMergeBehavior": "PreferTarget",
      "AssetMergeSource": "",
      "RelatedAsset": "",
      "AssetTraitName": "",
      "AssetTraitValue": "",
      "CopyToOutputDirectory": "Never",
      "CopyToPublishDirectory": "PreserveNewest",
      "OriginalItemSpec": "wwwroot\\lib\\bootstrap\\dist\\css\\bootstrap-grid.rtl.css"
    },
    {
      "Identity": "C:\\source_codes\\SupportUtilV3\\wwwroot\\lib\\bootstrap\\dist\\css\\bootstrap-grid.rtl.css.map",
      "SourceId": "SupportUtilV3",
      "SourceType": "Discovered",
      "ContentRoot": "C:\\source_codes\\SupportUtilV3\\wwwroot\\",
      "BasePath": "_content/SupportUtilV3",
      "RelativePath": "lib/bootstrap/dist/css/bootstrap-grid.rtl.css.map",
      "AssetKind": "All",
      "AssetMode": "All",
      "AssetRole": "Primary",
      "AssetMergeBehavior": "PreferTarget",
      "AssetMergeSource": "",
      "RelatedAsset": "",
      "AssetTraitName": "",
      "AssetTraitValue": "",
      "CopyToOutputDirectory": "Never",
      "CopyToPublishDirectory": "PreserveNewest",
      "OriginalItemSpec": "wwwroot\\lib\\bootstrap\\dist\\css\\bootstrap-grid.rtl.css.map"
    },
    {
      "Identity": "C:\\source_codes\\SupportUtilV3\\wwwroot\\lib\\bootstrap\\dist\\css\\bootstrap-grid.rtl.min.css",
      "SourceId": "SupportUtilV3",
      "SourceType": "Discovered",
      "ContentRoot": "C:\\source_codes\\SupportUtilV3\\wwwroot\\",
      "BasePath": "_content/SupportUtilV3",
      "RelativePath": "lib/bootstrap/dist/css/bootstrap-grid.rtl.min.css",
      "AssetKind": "All",
      "AssetMode": "All",
      "AssetRole": "Primary",
      "AssetMergeBehavior": "PreferTarget",
      "AssetMergeSource": "",
      "RelatedAsset": "",
      "AssetTraitName": "",
      "AssetTraitValue": "",
      "CopyToOutputDirectory": "Never",
      "CopyToPublishDirectory": "PreserveNewest",
      "OriginalItemSpec": "wwwroot\\lib\\bootstrap\\dist\\css\\bootstrap-grid.rtl.min.css"
    },
    {
      "Identity": "C:\\source_codes\\SupportUtilV3\\wwwroot\\lib\\bootstrap\\dist\\css\\bootstrap-grid.rtl.min.css.map",
      "SourceId": "SupportUtilV3",
      "SourceType": "Discovered",
      "ContentRoot": "C:\\source_codes\\SupportUtilV3\\wwwroot\\",
      "BasePath": "_content/SupportUtilV3",
      "RelativePath": "lib/bootstrap/dist/css/bootstrap-grid.rtl.min.css.map",
      "AssetKind": "All",
      "AssetMode": "All",
      "AssetRole": "Primary",
      "AssetMergeBehavior": "PreferTarget",
      "AssetMergeSource": "",
      "RelatedAsset": "",
      "AssetTraitName": "",
      "AssetTraitValue": "",
      "CopyToOutputDirectory": "Never",
      "CopyToPublishDirectory": "PreserveNewest",
      "OriginalItemSpec": "wwwroot\\lib\\bootstrap\\dist\\css\\bootstrap-grid.rtl.min.css.map"
    },
    {
      "Identity": "C:\\source_codes\\SupportUtilV3\\wwwroot\\lib\\bootstrap\\dist\\css\\bootstrap-reboot.css",
      "SourceId": "SupportUtilV3",
      "SourceType": "Discovered",
      "ContentRoot": "C:\\source_codes\\SupportUtilV3\\wwwroot\\",
      "BasePath": "_content/SupportUtilV3",
      "RelativePath": "lib/bootstrap/dist/css/bootstrap-reboot.css",
      "AssetKind": "All",
      "AssetMode": "All",
      "AssetRole": "Primary",
      "AssetMergeBehavior": "PreferTarget",
      "AssetMergeSource": "",
      "RelatedAsset": "",
      "AssetTraitName": "",
      "AssetTraitValue": "",
      "CopyToOutputDirectory": "Never",
      "CopyToPublishDirectory": "PreserveNewest",
      "OriginalItemSpec": "wwwroot\\lib\\bootstrap\\dist\\css\\bootstrap-reboot.css"
    },
    {
      "Identity": "C:\\source_codes\\SupportUtilV3\\wwwroot\\lib\\bootstrap\\dist\\css\\bootstrap-reboot.css.map",
      "SourceId": "SupportUtilV3",
      "SourceType": "Discovered",
      "ContentRoot": "C:\\source_codes\\SupportUtilV3\\wwwroot\\",
      "BasePath": "_content/SupportUtilV3",
      "RelativePath": "lib/bootstrap/dist/css/bootstrap-reboot.css.map",
      "AssetKind": "All",
      "AssetMode": "All",
      "AssetRole": "Primary",
      "AssetMergeBehavior": "PreferTarget",
      "AssetMergeSource": "",
      "RelatedAsset": "",
      "AssetTraitName": "",
      "AssetTraitValue": "",
      "CopyToOutputDirectory": "Never",
      "CopyToPublishDirectory": "PreserveNewest",
      "OriginalItemSpec": "wwwroot\\lib\\bootstrap\\dist\\css\\bootstrap-reboot.css.map"
    },
    {
      "Identity": "C:\\source_codes\\SupportUtilV3\\wwwroot\\lib\\bootstrap\\dist\\css\\bootstrap-reboot.min.css",
      "SourceId": "SupportUtilV3",
      "SourceType": "Discovered",
      "ContentRoot": "C:\\source_codes\\SupportUtilV3\\wwwroot\\",
      "BasePath": "_content/SupportUtilV3",
      "RelativePath": "lib/bootstrap/dist/css/bootstrap-reboot.min.css",
      "AssetKind": "All",
      "AssetMode": "All",
      "AssetRole": "Primary",
      "AssetMergeBehavior": "PreferTarget",
      "AssetMergeSource": "",
      "RelatedAsset": "",
      "AssetTraitName": "",
      "AssetTraitValue": "",
      "CopyToOutputDirectory": "Never",
      "CopyToPublishDirectory": "PreserveNewest",
      "OriginalItemSpec": "wwwroot\\lib\\bootstrap\\dist\\css\\bootstrap-reboot.min.css"
    },
    {
      "Identity": "C:\\source_codes\\SupportUtilV3\\wwwroot\\lib\\bootstrap\\dist\\css\\bootstrap-reboot.min.css.map",
      "SourceId": "SupportUtilV3",
      "SourceType": "Discovered",
      "ContentRoot": "C:\\source_codes\\SupportUtilV3\\wwwroot\\",
      "BasePath": "_content/SupportUtilV3",
      "RelativePath": "lib/bootstrap/dist/css/bootstrap-reboot.min.css.map",
      "AssetKind": "All",
      "AssetMode": "All",
      "AssetRole": "Primary",
      "AssetMergeBehavior": "PreferTarget",
      "AssetMergeSource": "",
      "RelatedAsset": "",
      "AssetTraitName": "",
      "AssetTraitValue": "",
      "CopyToOutputDirectory": "Never",
      "CopyToPublishDirectory": "PreserveNewest",
      "OriginalItemSpec": "wwwroot\\lib\\bootstrap\\dist\\css\\bootstrap-reboot.min.css.map"
    },
    {
      "Identity": "C:\\source_codes\\SupportUtilV3\\wwwroot\\lib\\bootstrap\\dist\\css\\bootstrap-reboot.rtl.css",
      "SourceId": "SupportUtilV3",
      "SourceType": "Discovered",
      "ContentRoot": "C:\\source_codes\\SupportUtilV3\\wwwroot\\",
      "BasePath": "_content/SupportUtilV3",
      "RelativePath": "lib/bootstrap/dist/css/bootstrap-reboot.rtl.css",
      "AssetKind": "All",
      "AssetMode": "All",
      "AssetRole": "Primary",
      "AssetMergeBehavior": "PreferTarget",
      "AssetMergeSource": "",
      "RelatedAsset": "",
      "AssetTraitName": "",
      "AssetTraitValue": "",
      "CopyToOutputDirectory": "Never",
      "CopyToPublishDirectory": "PreserveNewest",
      "OriginalItemSpec": "wwwroot\\lib\\bootstrap\\dist\\css\\bootstrap-reboot.rtl.css"
    },
    {
      "Identity": "C:\\source_codes\\SupportUtilV3\\wwwroot\\lib\\bootstrap\\dist\\css\\bootstrap-reboot.rtl.css.map",
      "SourceId": "SupportUtilV3",
      "SourceType": "Discovered",
      "ContentRoot": "C:\\source_codes\\SupportUtilV3\\wwwroot\\",
      "BasePath": "_content/SupportUtilV3",
      "RelativePath": "lib/bootstrap/dist/css/bootstrap-reboot.rtl.css.map",
      "AssetKind": "All",
      "AssetMode": "All",
      "AssetRole": "Primary",
      "AssetMergeBehavior": "PreferTarget",
      "AssetMergeSource": "",
      "RelatedAsset": "",
      "AssetTraitName": "",
      "AssetTraitValue": "",
      "CopyToOutputDirectory": "Never",
      "CopyToPublishDirectory": "PreserveNewest",
      "OriginalItemSpec": "wwwroot\\lib\\bootstrap\\dist\\css\\bootstrap-reboot.rtl.css.map"
    },
    {
      "Identity": "C:\\source_codes\\SupportUtilV3\\wwwroot\\lib\\bootstrap\\dist\\css\\bootstrap-reboot.rtl.min.css",
      "SourceId": "SupportUtilV3",
      "SourceType": "Discovered",
      "ContentRoot": "C:\\source_codes\\SupportUtilV3\\wwwroot\\",
      "BasePath": "_content/SupportUtilV3",
      "RelativePath": "lib/bootstrap/dist/css/bootstrap-reboot.rtl.min.css",
      "AssetKind": "All",
      "AssetMode": "All",
      "AssetRole": "Primary",
      "AssetMergeBehavior": "PreferTarget",
      "AssetMergeSource": "",
      "RelatedAsset": "",
      "AssetTraitName": "",
      "AssetTraitValue": "",
      "CopyToOutputDirectory": "Never",
      "CopyToPublishDirectory": "PreserveNewest",
      "OriginalItemSpec": "wwwroot\\lib\\bootstrap\\dist\\css\\bootstrap-reboot.rtl.min.css"
    },
    {
      "Identity": "C:\\source_codes\\SupportUtilV3\\wwwroot\\lib\\bootstrap\\dist\\css\\bootstrap-reboot.rtl.min.css.map",
      "SourceId": "SupportUtilV3",
      "SourceType": "Discovered",
      "ContentRoot": "C:\\source_codes\\SupportUtilV3\\wwwroot\\",
      "BasePath": "_content/SupportUtilV3",
      "RelativePath": "lib/bootstrap/dist/css/bootstrap-reboot.rtl.min.css.map",
      "AssetKind": "All",
      "AssetMode": "All",
      "AssetRole": "Primary",
      "AssetMergeBehavior": "PreferTarget",
      "AssetMergeSource": "",
      "RelatedAsset": "",
      "AssetTraitName": "",
      "AssetTraitValue": "",
      "CopyToOutputDirectory": "Never",
      "CopyToPublishDirectory": "PreserveNewest",
      "OriginalItemSpec": "wwwroot\\lib\\bootstrap\\dist\\css\\bootstrap-reboot.rtl.min.css.map"
    },
    {
      "Identity": "C:\\source_codes\\SupportUtilV3\\wwwroot\\lib\\bootstrap\\dist\\css\\bootstrap-utilities.css",
      "SourceId": "SupportUtilV3",
      "SourceType": "Discovered",
      "ContentRoot": "C:\\source_codes\\SupportUtilV3\\wwwroot\\",
      "BasePath": "_content/SupportUtilV3",
      "RelativePath": "lib/bootstrap/dist/css/bootstrap-utilities.css",
      "AssetKind": "All",
      "AssetMode": "All",
      "AssetRole": "Primary",
      "AssetMergeBehavior": "PreferTarget",
      "AssetMergeSource": "",
      "RelatedAsset": "",
      "AssetTraitName": "",
      "AssetTraitValue": "",
      "CopyToOutputDirectory": "Never",
      "CopyToPublishDirectory": "PreserveNewest",
      "OriginalItemSpec": "wwwroot\\lib\\bootstrap\\dist\\css\\bootstrap-utilities.css"
    },
    {
      "Identity": "C:\\source_codes\\SupportUtilV3\\wwwroot\\lib\\bootstrap\\dist\\css\\bootstrap-utilities.css.map",
      "SourceId": "SupportUtilV3",
      "SourceType": "Discovered",
      "ContentRoot": "C:\\source_codes\\SupportUtilV3\\wwwroot\\",
      "BasePath": "_content/SupportUtilV3",
      "RelativePath": "lib/bootstrap/dist/css/bootstrap-utilities.css.map",
      "AssetKind": "All",
      "AssetMode": "All",
      "AssetRole": "Primary",
      "AssetMergeBehavior": "PreferTarget",
      "AssetMergeSource": "",
      "RelatedAsset": "",
      "AssetTraitName": "",
      "AssetTraitValue": "",
      "CopyToOutputDirectory": "Never",
      "CopyToPublishDirectory": "PreserveNewest",
      "OriginalItemSpec": "wwwroot\\lib\\bootstrap\\dist\\css\\bootstrap-utilities.css.map"
    },
    {
      "Identity": "C:\\source_codes\\SupportUtilV3\\wwwroot\\lib\\bootstrap\\dist\\css\\bootstrap-utilities.min.css",
      "SourceId": "SupportUtilV3",
      "SourceType": "Discovered",
      "ContentRoot": "C:\\source_codes\\SupportUtilV3\\wwwroot\\",
      "BasePath": "_content/SupportUtilV3",
      "RelativePath": "lib/bootstrap/dist/css/bootstrap-utilities.min.css",
      "AssetKind": "All",
      "AssetMode": "All",
      "AssetRole": "Primary",
      "AssetMergeBehavior": "PreferTarget",
      "AssetMergeSource": "",
      "RelatedAsset": "",
      "AssetTraitName": "",
      "AssetTraitValue": "",
      "CopyToOutputDirectory": "Never",
      "CopyToPublishDirectory": "PreserveNewest",
      "OriginalItemSpec": "wwwroot\\lib\\bootstrap\\dist\\css\\bootstrap-utilities.min.css"
    },
    {
      "Identity": "C:\\source_codes\\SupportUtilV3\\wwwroot\\lib\\bootstrap\\dist\\css\\bootstrap-utilities.min.css.map",
      "SourceId": "SupportUtilV3",
      "SourceType": "Discovered",
      "ContentRoot": "C:\\source_codes\\SupportUtilV3\\wwwroot\\",
      "BasePath": "_content/SupportUtilV3",
      "RelativePath": "lib/bootstrap/dist/css/bootstrap-utilities.min.css.map",
      "AssetKind": "All",
      "AssetMode": "All",
      "AssetRole": "Primary",
      "AssetMergeBehavior": "PreferTarget",
      "AssetMergeSource": "",
      "RelatedAsset": "",
      "AssetTraitName": "",
      "AssetTraitValue": "",
      "CopyToOutputDirectory": "Never",
      "CopyToPublishDirectory": "PreserveNewest",
      "OriginalItemSpec": "wwwroot\\lib\\bootstrap\\dist\\css\\bootstrap-utilities.min.css.map"
    },
    {
      "Identity": "C:\\source_codes\\SupportUtilV3\\wwwroot\\lib\\bootstrap\\dist\\css\\bootstrap-utilities.rtl.css",
      "SourceId": "SupportUtilV3",
      "SourceType": "Discovered",
      "ContentRoot": "C:\\source_codes\\SupportUtilV3\\wwwroot\\",
      "BasePath": "_content/SupportUtilV3",
      "RelativePath": "lib/bootstrap/dist/css/bootstrap-utilities.rtl.css",
      "AssetKind": "All",
      "AssetMode": "All",
      "AssetRole": "Primary",
      "AssetMergeBehavior": "PreferTarget",
      "AssetMergeSource": "",
      "RelatedAsset": "",
      "AssetTraitName": "",
      "AssetTraitValue": "",
      "CopyToOutputDirectory": "Never",
      "CopyToPublishDirectory": "PreserveNewest",
      "OriginalItemSpec": "wwwroot\\lib\\bootstrap\\dist\\css\\bootstrap-utilities.rtl.css"
    },
    {
      "Identity": "C:\\source_codes\\SupportUtilV3\\wwwroot\\lib\\bootstrap\\dist\\css\\bootstrap-utilities.rtl.css.map",
      "SourceId": "SupportUtilV3",
      "SourceType": "Discovered",
      "ContentRoot": "C:\\source_codes\\SupportUtilV3\\wwwroot\\",
      "BasePath": "_content/SupportUtilV3",
      "RelativePath": "lib/bootstrap/dist/css/bootstrap-utilities.rtl.css.map",
      "AssetKind": "All",
      "AssetMode": "All",
      "AssetRole": "Primary",
      "AssetMergeBehavior": "PreferTarget",
      "AssetMergeSource": "",
      "RelatedAsset": "",
      "AssetTraitName": "",
      "AssetTraitValue": "",
      "CopyToOutputDirectory": "Never",
      "CopyToPublishDirectory": "PreserveNewest",
      "OriginalItemSpec": "wwwroot\\lib\\bootstrap\\dist\\css\\bootstrap-utilities.rtl.css.map"
    },
    {
      "Identity": "C:\\source_codes\\SupportUtilV3\\wwwroot\\lib\\bootstrap\\dist\\css\\bootstrap-utilities.rtl.min.css",
      "SourceId": "SupportUtilV3",
      "SourceType": "Discovered",
      "ContentRoot": "C:\\source_codes\\SupportUtilV3\\wwwroot\\",
      "BasePath": "_content/SupportUtilV3",
      "RelativePath": "lib/bootstrap/dist/css/bootstrap-utilities.rtl.min.css",
      "AssetKind": "All",
      "AssetMode": "All",
      "AssetRole": "Primary",
      "AssetMergeBehavior": "PreferTarget",
      "AssetMergeSource": "",
      "RelatedAsset": "",
      "AssetTraitName": "",
      "AssetTraitValue": "",
      "CopyToOutputDirectory": "Never",
      "CopyToPublishDirectory": "PreserveNewest",
      "OriginalItemSpec": "wwwroot\\lib\\bootstrap\\dist\\css\\bootstrap-utilities.rtl.min.css"
    },
    {
      "Identity": "C:\\source_codes\\SupportUtilV3\\wwwroot\\lib\\bootstrap\\dist\\css\\bootstrap-utilities.rtl.min.css.map",
      "SourceId": "SupportUtilV3",
      "SourceType": "Discovered",
      "ContentRoot": "C:\\source_codes\\SupportUtilV3\\wwwroot\\",
      "BasePath": "_content/SupportUtilV3",
      "RelativePath": "lib/bootstrap/dist/css/bootstrap-utilities.rtl.min.css.map",
      "AssetKind": "All",
      "AssetMode": "All",
      "AssetRole": "Primary",
      "AssetMergeBehavior": "PreferTarget",
      "AssetMergeSource": "",
      "RelatedAsset": "",
      "AssetTraitName": "",
      "AssetTraitValue": "",
      "CopyToOutputDirectory": "Never",
      "CopyToPublishDirectory": "PreserveNewest",
      "OriginalItemSpec": "wwwroot\\lib\\bootstrap\\dist\\css\\bootstrap-utilities.rtl.min.css.map"
    },
    {
      "Identity": "C:\\source_codes\\SupportUtilV3\\wwwroot\\lib\\bootstrap\\dist\\js\\bootstrap.bundle.js",
      "SourceId": "SupportUtilV3",
      "SourceType": "Discovered",
      "ContentRoot": "C:\\source_codes\\SupportUtilV3\\wwwroot\\",
      "BasePath": "_content/SupportUtilV3",
      "RelativePath": "lib/bootstrap/dist/js/bootstrap.bundle.js",
      "AssetKind": "All",
      "AssetMode": "All",
      "AssetRole": "Primary",
      "AssetMergeBehavior": "PreferTarget",
      "AssetMergeSource": "",
      "RelatedAsset": "",
      "AssetTraitName": "",
      "AssetTraitValue": "",
      "CopyToOutputDirectory": "Never",
      "CopyToPublishDirectory": "PreserveNewest",
      "OriginalItemSpec": "wwwroot\\lib\\bootstrap\\dist\\js\\bootstrap.bundle.js"
    },
    {
      "Identity": "C:\\source_codes\\SupportUtilV3\\wwwroot\\lib\\bootstrap\\dist\\js\\bootstrap.bundle.js.map",
      "SourceId": "SupportUtilV3",
      "SourceType": "Discovered",
      "ContentRoot": "C:\\source_codes\\SupportUtilV3\\wwwroot\\",
      "BasePath": "_content/SupportUtilV3",
      "RelativePath": "lib/bootstrap/dist/js/bootstrap.bundle.js.map",
      "AssetKind": "All",
      "AssetMode": "All",
      "AssetRole": "Primary",
      "AssetMergeBehavior": "PreferTarget",
      "AssetMergeSource": "",
      "RelatedAsset": "",
      "AssetTraitName": "",
      "AssetTraitValue": "",
      "CopyToOutputDirectory": "Never",
      "CopyToPublishDirectory": "PreserveNewest",
      "OriginalItemSpec": "wwwroot\\lib\\bootstrap\\dist\\js\\bootstrap.bundle.js.map"
    },
    {
      "Identity": "C:\\source_codes\\SupportUtilV3\\wwwroot\\lib\\bootstrap\\dist\\js\\bootstrap.bundle.min.js",
      "SourceId": "SupportUtilV3",
      "SourceType": "Discovered",
      "ContentRoot": "C:\\source_codes\\SupportUtilV3\\wwwroot\\",
      "BasePath": "_content/SupportUtilV3",
      "RelativePath": "lib/bootstrap/dist/js/bootstrap.bundle.min.js",
      "AssetKind": "All",
      "AssetMode": "All",
      "AssetRole": "Primary",
      "AssetMergeBehavior": "PreferTarget",
      "AssetMergeSource": "",
      "RelatedAsset": "",
      "AssetTraitName": "",
      "AssetTraitValue": "",
      "CopyToOutputDirectory": "Never",
      "CopyToPublishDirectory": "PreserveNewest",
      "OriginalItemSpec": "wwwroot\\lib\\bootstrap\\dist\\js\\bootstrap.bundle.min.js"
    },
    {
      "Identity": "C:\\source_codes\\SupportUtilV3\\wwwroot\\lib\\bootstrap\\dist\\js\\bootstrap.bundle.min.js.map",
      "SourceId": "SupportUtilV3",
      "SourceType": "Discovered",
      "ContentRoot": "C:\\source_codes\\SupportUtilV3\\wwwroot\\",
      "BasePath": "_content/SupportUtilV3",
      "RelativePath": "lib/bootstrap/dist/js/bootstrap.bundle.min.js.map",
      "AssetKind": "All",
      "AssetMode": "All",
      "AssetRole": "Primary",
      "AssetMergeBehavior": "PreferTarget",
      "AssetMergeSource": "",
      "RelatedAsset": "",
      "AssetTraitName": "",
      "AssetTraitValue": "",
      "CopyToOutputDirectory": "Never",
      "CopyToPublishDirectory": "PreserveNewest",
      "OriginalItemSpec": "wwwroot\\lib\\bootstrap\\dist\\js\\bootstrap.bundle.min.js.map"
    },
    {
      "Identity": "C:\\source_codes\\SupportUtilV3\\wwwroot\\lib\\bootstrap\\dist\\js\\bootstrap.esm.js",
      "SourceId": "SupportUtilV3",
      "SourceType": "Discovered",
      "ContentRoot": "C:\\source_codes\\SupportUtilV3\\wwwroot\\",
      "BasePath": "_content/SupportUtilV3",
      "RelativePath": "lib/bootstrap/dist/js/bootstrap.esm.js",
      "AssetKind": "All",
      "AssetMode": "All",
      "AssetRole": "Primary",
      "AssetMergeBehavior": "PreferTarget",
      "AssetMergeSource": "",
      "RelatedAsset": "",
      "AssetTraitName": "",
      "AssetTraitValue": "",
      "CopyToOutputDirectory": "Never",
      "CopyToPublishDirectory": "PreserveNewest",
      "OriginalItemSpec": "wwwroot\\lib\\bootstrap\\dist\\js\\bootstrap.esm.js"
    },
    {
      "Identity": "C:\\source_codes\\SupportUtilV3\\wwwroot\\lib\\bootstrap\\dist\\js\\bootstrap.esm.js.map",
      "SourceId": "SupportUtilV3",
      "SourceType": "Discovered",
      "ContentRoot": "C:\\source_codes\\SupportUtilV3\\wwwroot\\",
      "BasePath": "_content/SupportUtilV3",
      "RelativePath": "lib/bootstrap/dist/js/bootstrap.esm.js.map",
      "AssetKind": "All",
      "AssetMode": "All",
      "AssetRole": "Primary",
      "AssetMergeBehavior": "PreferTarget",
      "AssetMergeSource": "",
      "RelatedAsset": "",
      "AssetTraitName": "",
      "AssetTraitValue": "",
      "CopyToOutputDirectory": "Never",
      "CopyToPublishDirectory": "PreserveNewest",
      "OriginalItemSpec": "wwwroot\\lib\\bootstrap\\dist\\js\\bootstrap.esm.js.map"
    },
    {
      "Identity": "C:\\source_codes\\SupportUtilV3\\wwwroot\\lib\\bootstrap\\dist\\js\\bootstrap.esm.min.js",
      "SourceId": "SupportUtilV3",
      "SourceType": "Discovered",
      "ContentRoot": "C:\\source_codes\\SupportUtilV3\\wwwroot\\",
      "BasePath": "_content/SupportUtilV3",
      "RelativePath": "lib/bootstrap/dist/js/bootstrap.esm.min.js",
      "AssetKind": "All",
      "AssetMode": "All",
      "AssetRole": "Primary",
      "AssetMergeBehavior": "PreferTarget",
      "AssetMergeSource": "",
      "RelatedAsset": "",
      "AssetTraitName": "",
      "AssetTraitValue": "",
      "CopyToOutputDirectory": "Never",
      "CopyToPublishDirectory": "PreserveNewest",
      "OriginalItemSpec": "wwwroot\\lib\\bootstrap\\dist\\js\\bootstrap.esm.min.js"
    },
    {
      "Identity": "C:\\source_codes\\SupportUtilV3\\wwwroot\\lib\\bootstrap\\dist\\js\\bootstrap.esm.min.js.map",
      "SourceId": "SupportUtilV3",
      "SourceType": "Discovered",
      "ContentRoot": "C:\\source_codes\\SupportUtilV3\\wwwroot\\",
      "BasePath": "_content/SupportUtilV3",
      "RelativePath": "lib/bootstrap/dist/js/bootstrap.esm.min.js.map",
      "AssetKind": "All",
      "AssetMode": "All",
      "AssetRole": "Primary",
      "AssetMergeBehavior": "PreferTarget",
      "AssetMergeSource": "",
      "RelatedAsset": "",
      "AssetTraitName": "",
      "AssetTraitValue": "",
      "CopyToOutputDirectory": "Never",
      "CopyToPublishDirectory": "PreserveNewest",
      "OriginalItemSpec": "wwwroot\\lib\\bootstrap\\dist\\js\\bootstrap.esm.min.js.map"
    },
    {
      "Identity": "C:\\source_codes\\SupportUtilV3\\wwwroot\\lib\\bootstrap\\dist\\js\\bootstrap.js",
      "SourceId": "SupportUtilV3",
      "SourceType": "Discovered",
      "ContentRoot": "C:\\source_codes\\SupportUtilV3\\wwwroot\\",
      "BasePath": "_content/SupportUtilV3",
      "RelativePath": "lib/bootstrap/dist/js/bootstrap.js",
      "AssetKind": "All",
      "AssetMode": "All",
      "AssetRole": "Primary",
      "AssetMergeBehavior": "PreferTarget",
      "AssetMergeSource": "",
      "RelatedAsset": "",
      "AssetTraitName": "",
      "AssetTraitValue": "",
      "CopyToOutputDirectory": "Never",
      "CopyToPublishDirectory": "PreserveNewest",
      "OriginalItemSpec": "wwwroot\\lib\\bootstrap\\dist\\js\\bootstrap.js"
    },
    {
      "Identity": "C:\\source_codes\\SupportUtilV3\\wwwroot\\lib\\bootstrap\\dist\\js\\bootstrap.js.map",
      "SourceId": "SupportUtilV3",
      "SourceType": "Discovered",
      "ContentRoot": "C:\\source_codes\\SupportUtilV3\\wwwroot\\",
      "BasePath": "_content/SupportUtilV3",
      "RelativePath": "lib/bootstrap/dist/js/bootstrap.js.map",
      "AssetKind": "All",
      "AssetMode": "All",
      "AssetRole": "Primary",
      "AssetMergeBehavior": "PreferTarget",
      "AssetMergeSource": "",
      "RelatedAsset": "",
      "AssetTraitName": "",
      "AssetTraitValue": "",
      "CopyToOutputDirectory": "Never",
      "CopyToPublishDirectory": "PreserveNewest",
      "OriginalItemSpec": "wwwroot\\lib\\bootstrap\\dist\\js\\bootstrap.js.map"
    },
    {
      "Identity": "C:\\source_codes\\SupportUtilV3\\wwwroot\\lib\\bootstrap\\dist\\js\\bootstrap.min.js",
      "SourceId": "SupportUtilV3",
      "SourceType": "Discovered",
      "ContentRoot": "C:\\source_codes\\SupportUtilV3\\wwwroot\\",
      "BasePath": "_content/SupportUtilV3",
      "RelativePath": "lib/bootstrap/dist/js/bootstrap.min.js",
      "AssetKind": "All",
      "AssetMode": "All",
      "AssetRole": "Primary",
      "AssetMergeBehavior": "PreferTarget",
      "AssetMergeSource": "",
      "RelatedAsset": "",
      "AssetTraitName": "",
      "AssetTraitValue": "",
      "CopyToOutputDirectory": "Never",
      "CopyToPublishDirectory": "PreserveNewest",
      "OriginalItemSpec": "wwwroot\\lib\\bootstrap\\dist\\js\\bootstrap.min.js"
    },
    {
      "Identity": "C:\\source_codes\\SupportUtilV3\\wwwroot\\lib\\bootstrap\\dist\\js\\bootstrap.min.js.map",
      "SourceId": "SupportUtilV3",
      "SourceType": "Discovered",
      "ContentRoot": "C:\\source_codes\\SupportUtilV3\\wwwroot\\",
      "BasePath": "_content/SupportUtilV3",
      "RelativePath": "lib/bootstrap/dist/js/bootstrap.min.js.map",
      "AssetKind": "All",
      "AssetMode": "All",
      "AssetRole": "Primary",
      "AssetMergeBehavior": "PreferTarget",
      "AssetMergeSource": "",
      "RelatedAsset": "",
      "AssetTraitName": "",
      "AssetTraitValue": "",
      "CopyToOutputDirectory": "Never",
      "CopyToPublishDirectory": "PreserveNewest",
      "OriginalItemSpec": "wwwroot\\lib\\bootstrap\\dist\\js\\bootstrap.min.js.map"
    },
    {
      "Identity": "C:\\source_codes\\SupportUtilV3\\wwwroot\\lib\\bootstrap\\LICENSE",
      "SourceId": "SupportUtilV3",
      "SourceType": "Discovered",
      "ContentRoot": "C:\\source_codes\\SupportUtilV3\\wwwroot\\",
      "BasePath": "_content/SupportUtilV3",
      "RelativePath": "lib/bootstrap/LICENSE",
      "AssetKind": "All",
      "AssetMode": "All",
      "AssetRole": "Primary",
      "AssetMergeBehavior": "PreferTarget",
      "AssetMergeSource": "",
      "RelatedAsset": "",
      "AssetTraitName": "",
      "AssetTraitValue": "",
      "CopyToOutputDirectory": "Never",
      "CopyToPublishDirectory": "PreserveNewest",
      "OriginalItemSpec": "wwwroot\\lib\\bootstrap\\LICENSE"
    },
    {
      "Identity": "C:\\source_codes\\SupportUtilV3\\wwwroot\\lib\\jquery\\dist\\jquery.js",
      "SourceId": "SupportUtilV3",
      "SourceType": "Discovered",
      "ContentRoot": "C:\\source_codes\\SupportUtilV3\\wwwroot\\",
      "BasePath": "_content/SupportUtilV3",
      "RelativePath": "lib/jquery/dist/jquery.js",
      "AssetKind": "All",
      "AssetMode": "All",
      "AssetRole": "Primary",
      "AssetMergeBehavior": "PreferTarget",
      "AssetMergeSource": "",
      "RelatedAsset": "",
      "AssetTraitName": "",
      "AssetTraitValue": "",
      "CopyToOutputDirectory": "Never",
      "CopyToPublishDirectory": "PreserveNewest",
      "OriginalItemSpec": "wwwroot\\lib\\jquery\\dist\\jquery.js"
    },
    {
      "Identity": "C:\\source_codes\\SupportUtilV3\\wwwroot\\lib\\jquery\\dist\\jquery.min.js",
      "SourceId": "SupportUtilV3",
      "SourceType": "Discovered",
      "ContentRoot": "C:\\source_codes\\SupportUtilV3\\wwwroot\\",
      "BasePath": "_content/SupportUtilV3",
      "RelativePath": "lib/jquery/dist/jquery.min.js",
      "AssetKind": "All",
      "AssetMode": "All",
      "AssetRole": "Primary",
      "AssetMergeBehavior": "PreferTarget",
      "AssetMergeSource": "",
      "RelatedAsset": "",
      "AssetTraitName": "",
      "AssetTraitValue": "",
      "CopyToOutputDirectory": "Never",
      "CopyToPublishDirectory": "PreserveNewest",
      "OriginalItemSpec": "wwwroot\\lib\\jquery\\dist\\jquery.min.js"
    },
    {
      "Identity": "C:\\source_codes\\SupportUtilV3\\wwwroot\\lib\\jquery\\dist\\jquery.min.map",
      "SourceId": "SupportUtilV3",
      "SourceType": "Discovered",
      "ContentRoot": "C:\\source_codes\\SupportUtilV3\\wwwroot\\",
      "BasePath": "_content/SupportUtilV3",
      "RelativePath": "lib/jquery/dist/jquery.min.map",
      "AssetKind": "All",
      "AssetMode": "All",
      "AssetRole": "Primary",
      "AssetMergeBehavior": "PreferTarget",
      "AssetMergeSource": "",
      "RelatedAsset": "",
      "AssetTraitName": "",
      "AssetTraitValue": "",
      "CopyToOutputDirectory": "Never",
      "CopyToPublishDirectory": "PreserveNewest",
      "OriginalItemSpec": "wwwroot\\lib\\jquery\\dist\\jquery.min.map"
    },
    {
      "Identity": "C:\\source_codes\\SupportUtilV3\\wwwroot\\lib\\jquery\\LICENSE.txt",
      "SourceId": "SupportUtilV3",
      "SourceType": "Discovered",
      "ContentRoot": "C:\\source_codes\\SupportUtilV3\\wwwroot\\",
      "BasePath": "_content/SupportUtilV3",
      "RelativePath": "lib/jquery/LICENSE.txt",
      "AssetKind": "All",
      "AssetMode": "All",
      "AssetRole": "Primary",
      "AssetMergeBehavior": "PreferTarget",
      "AssetMergeSource": "",
      "RelatedAsset": "",
      "AssetTraitName": "",
      "AssetTraitValue": "",
      "CopyToOutputDirectory": "Never",
      "CopyToPublishDirectory": "PreserveNewest",
      "OriginalItemSpec": "wwwroot\\lib\\jquery\\LICENSE.txt"
    },
    {
      "Identity": "C:\\source_codes\\SupportUtilV3\\wwwroot\\lib\\jquery-validation\\dist\\additional-methods.js",
      "SourceId": "SupportUtilV3",
      "SourceType": "Discovered",
      "ContentRoot": "C:\\source_codes\\SupportUtilV3\\wwwroot\\",
      "BasePath": "_content/SupportUtilV3",
      "RelativePath": "lib/jquery-validation/dist/additional-methods.js",
      "AssetKind": "All",
      "AssetMode": "All",
      "AssetRole": "Primary",
      "AssetMergeBehavior": "PreferTarget",
      "AssetMergeSource": "",
      "RelatedAsset": "",
      "AssetTraitName": "",
      "AssetTraitValue": "",
      "CopyToOutputDirectory": "Never",
      "CopyToPublishDirectory": "PreserveNewest",
      "OriginalItemSpec": "wwwroot\\lib\\jquery-validation\\dist\\additional-methods.js"
    },
    {
      "Identity": "C:\\source_codes\\SupportUtilV3\\wwwroot\\lib\\jquery-validation\\dist\\additional-methods.min.js",
      "SourceId": "SupportUtilV3",
      "SourceType": "Discovered",
      "ContentRoot": "C:\\source_codes\\SupportUtilV3\\wwwroot\\",
      "BasePath": "_content/SupportUtilV3",
      "RelativePath": "lib/jquery-validation/dist/additional-methods.min.js",
      "AssetKind": "All",
      "AssetMode": "All",
      "AssetRole": "Primary",
      "AssetMergeBehavior": "PreferTarget",
      "AssetMergeSource": "",
      "RelatedAsset": "",
      "AssetTraitName": "",
      "AssetTraitValue": "",
      "CopyToOutputDirectory": "Never",
      "CopyToPublishDirectory": "PreserveNewest",
      "OriginalItemSpec": "wwwroot\\lib\\jquery-validation\\dist\\additional-methods.min.js"
    },
    {
      "Identity": "C:\\source_codes\\SupportUtilV3\\wwwroot\\lib\\jquery-validation\\dist\\jquery.validate.js",
      "SourceId": "SupportUtilV3",
      "SourceType": "Discovered",
      "ContentRoot": "C:\\source_codes\\SupportUtilV3\\wwwroot\\",
      "BasePath": "_content/SupportUtilV3",
      "RelativePath": "lib/jquery-validation/dist/jquery.validate.js",
      "AssetKind": "All",
      "AssetMode": "All",
      "AssetRole": "Primary",
      "AssetMergeBehavior": "PreferTarget",
      "AssetMergeSource": "",
      "RelatedAsset": "",
      "AssetTraitName": "",
      "AssetTraitValue": "",
      "CopyToOutputDirectory": "Never",
      "CopyToPublishDirectory": "PreserveNewest",
      "OriginalItemSpec": "wwwroot\\lib\\jquery-validation\\dist\\jquery.validate.js"
    },
    {
      "Identity": "C:\\source_codes\\SupportUtilV3\\wwwroot\\lib\\jquery-validation\\dist\\jquery.validate.min.js",
      "SourceId": "SupportUtilV3",
      "SourceType": "Discovered",
      "ContentRoot": "C:\\source_codes\\SupportUtilV3\\wwwroot\\",
      "BasePath": "_content/SupportUtilV3",
      "RelativePath": "lib/jquery-validation/dist/jquery.validate.min.js",
      "AssetKind": "All",
      "AssetMode": "All",
      "AssetRole": "Primary",
      "AssetMergeBehavior": "PreferTarget",
      "AssetMergeSource": "",
      "RelatedAsset": "",
      "AssetTraitName": "",
      "AssetTraitValue": "",
      "CopyToOutputDirectory": "Never",
      "CopyToPublishDirectory": "PreserveNewest",
      "OriginalItemSpec": "wwwroot\\lib\\jquery-validation\\dist\\jquery.validate.min.js"
    },
    {
      "Identity": "C:\\source_codes\\SupportUtilV3\\wwwroot\\lib\\jquery-validation\\LICENSE.md",
      "SourceId": "SupportUtilV3",
      "SourceType": "Discovered",
      "ContentRoot": "C:\\source_codes\\SupportUtilV3\\wwwroot\\",
      "BasePath": "_content/SupportUtilV3",
      "RelativePath": "lib/jquery-validation/LICENSE.md",
      "AssetKind": "All",
      "AssetMode": "All",
      "AssetRole": "Primary",
      "AssetMergeBehavior": "PreferTarget",
      "AssetMergeSource": "",
      "RelatedAsset": "",
      "AssetTraitName": "",
      "AssetTraitValue": "",
      "CopyToOutputDirectory": "Never",
      "CopyToPublishDirectory": "PreserveNewest",
      "OriginalItemSpec": "wwwroot\\lib\\jquery-validation\\LICENSE.md"
    },
    {
      "Identity": "C:\\source_codes\\SupportUtilV3\\wwwroot\\lib\\jquery-validation-unobtrusive\\jquery.validate.unobtrusive.js",
      "SourceId": "SupportUtilV3",
      "SourceType": "Discovered",
      "ContentRoot": "C:\\source_codes\\SupportUtilV3\\wwwroot\\",
      "BasePath": "_content/SupportUtilV3",
      "RelativePath": "lib/jquery-validation-unobtrusive/jquery.validate.unobtrusive.js",
      "AssetKind": "All",
      "AssetMode": "All",
      "AssetRole": "Primary",
      "AssetMergeBehavior": "PreferTarget",
      "AssetMergeSource": "",
      "RelatedAsset": "",
      "AssetTraitName": "",
      "AssetTraitValue": "",
      "CopyToOutputDirectory": "Never",
      "CopyToPublishDirectory": "PreserveNewest",
      "OriginalItemSpec": "wwwroot\\lib\\jquery-validation-unobtrusive\\jquery.validate.unobtrusive.js"
    },
    {
      "Identity": "C:\\source_codes\\SupportUtilV3\\wwwroot\\lib\\jquery-validation-unobtrusive\\jquery.validate.unobtrusive.min.js",
      "SourceId": "SupportUtilV3",
      "SourceType": "Discovered",
      "ContentRoot": "C:\\source_codes\\SupportUtilV3\\wwwroot\\",
      "BasePath": "_content/SupportUtilV3",
      "RelativePath": "lib/jquery-validation-unobtrusive/jquery.validate.unobtrusive.min.js",
      "AssetKind": "All",
      "AssetMode": "All",
      "AssetRole": "Primary",
      "AssetMergeBehavior": "PreferTarget",
      "AssetMergeSource": "",
      "RelatedAsset": "",
      "AssetTraitName": "",
      "AssetTraitValue": "",
      "CopyToOutputDirectory": "Never",
      "CopyToPublishDirectory": "PreserveNewest",
      "OriginalItemSpec": "wwwroot\\lib\\jquery-validation-unobtrusive\\jquery.validate.unobtrusive.min.js"
    },
    {
      "Identity": "C:\\source_codes\\SupportUtilV3\\wwwroot\\lib\\jquery-validation-unobtrusive\\LICENSE.txt",
      "SourceId": "SupportUtilV3",
      "SourceType": "Discovered",
      "ContentRoot": "C:\\source_codes\\SupportUtilV3\\wwwroot\\",
      "BasePath": "_content/SupportUtilV3",
      "RelativePath": "lib/jquery-validation-unobtrusive/LICENSE.txt",
      "AssetKind": "All",
      "AssetMode": "All",
      "AssetRole": "Primary",
      "AssetMergeBehavior": "PreferTarget",
      "AssetMergeSource": "",
      "RelatedAsset": "",
      "AssetTraitName": "",
      "AssetTraitValue": "",
      "CopyToOutputDirectory": "Never",
      "CopyToPublishDirectory": "PreserveNewest",
      "OriginalItemSpec": "wwwroot\\lib\\jquery-validation-unobtrusive\\LICENSE.txt"
    },
    {
      "Identity": "C:\\source_codes\\SupportUtilV3\\wwwroot\\RemoveDuplicate.html",
      "SourceId": "SupportUtilV3",
      "SourceType": "Discovered",
      "ContentRoot": "C:\\source_codes\\SupportUtilV3\\wwwroot\\",
      "BasePath": "_content/SupportUtilV3",
      "RelativePath": "RemoveDuplicate.html",
      "AssetKind": "All",
      "AssetMode": "All",
      "AssetRole": "Primary",
      "AssetMergeBehavior": "PreferTarget",
      "AssetMergeSource": "",
      "RelatedAsset": "",
      "AssetTraitName": "",
      "AssetTraitValue": "",
      "CopyToOutputDirectory": "Never",
      "CopyToPublishDirectory": "PreserveNewest",
      "OriginalItemSpec": "wwwroot\\RemoveDuplicate.html"
    },
    {
      "Identity": "C:\\source_codes\\SupportUtilV3\\wwwroot\\temp.html",
      "SourceId": "SupportUtilV3",
      "SourceType": "Discovered",
      "ContentRoot": "C:\\source_codes\\SupportUtilV3\\wwwroot\\",
      "BasePath": "_content/SupportUtilV3",
      "RelativePath": "temp.html",
      "AssetKind": "All",
      "AssetMode": "All",
      "AssetRole": "Primary",
      "AssetMergeBehavior": "PreferTarget",
      "AssetMergeSource": "",
      "RelatedAsset": "",
      "AssetTraitName": "",
      "AssetTraitValue": "",
      "CopyToOutputDirectory": "Never",
      "CopyToPublishDirectory": "PreserveNewest",
      "OriginalItemSpec": "wwwroot\\temp.html"
    },
    {
      "Identity": "C:\\source_codes\\SupportUtilV3\\wwwroot\\TestCharacters.html",
      "SourceId": "SupportUtilV3",
      "SourceType": "Discovered",
      "ContentRoot": "C:\\source_codes\\SupportUtilV3\\wwwroot\\",
      "BasePath": "_content/SupportUtilV3",
      "RelativePath": "TestCharacters.html",
      "AssetKind": "All",
      "AssetMode": "All",
      "AssetRole": "Primary",
      "AssetMergeBehavior": "PreferTarget",
      "AssetMergeSource": "",
      "RelatedAsset": "",
      "AssetTraitName": "",
      "AssetTraitValue": "",
      "CopyToOutputDirectory": "Never",
      "CopyToPublishDirectory": "PreserveNewest",
      "OriginalItemSpec": "wwwroot\\TestCharacters.html"
    },
    {
      "Identity": "C:\\source_codes\\SupportUtilV3\\wwwroot\\UserActivityListing.html",
      "SourceId": "SupportUtilV3",
      "SourceType": "Discovered",
      "ContentRoot": "C:\\source_codes\\SupportUtilV3\\wwwroot\\",
      "BasePath": "_content/SupportUtilV3",
      "RelativePath": "UserActivityListing.html",
      "AssetKind": "All",
      "AssetMode": "All",
      "AssetRole": "Primary",
      "AssetMergeBehavior": "PreferTarget",
      "AssetMergeSource": "",
      "RelatedAsset": "",
      "AssetTraitName": "",
      "AssetTraitValue": "",
      "CopyToOutputDirectory": "Never",
      "CopyToPublishDirectory": "PreserveNewest",
      "OriginalItemSpec": "wwwroot\\UserActivityListing.html"
    }
  ]
}